{
  "nv-dash": "माहिती पत्रक",
  "d-sun-info": "चालू मास्टरची माहिती ",
  "nv-milk-coll": "दूध संकलन",
  "nv-pay": "पगार",
  "nv-cattel-feed": "पशुखाद्य",
  "nv-deduction": "कपाती",
  "nv-animal": "जनावरे",
  "nv-profile": "उत्पादक माहिती",

  "c-page-title-milk": "दूध संकलन माहिती",
  "c-page-title-pay": "पगार माहिती",
  "c-page-title-feeds": "पशु खाद्य माहिती",
  "c-page-title-deduct": "कपात माहिती",
  "c-page-title-animal": "पशु माहिती",
  "c-page-title-cust": "उत्पादक माहिती",
  "c-page-title-dash": "माहिती पत्रक",

  "c-select-master": "पेमेंट कालावधी निवडा ",
  "c-no-data-avai": "माहिती मिळाली नाही !",

  "c-date": "दिनांक",
  "c-m/e": "सत्र",
  "c-m": "स",
  "c-e": "साय",
  "c-mrg": "सकाळ",
  "c-eve": "सायंकाळ",
  "c-c/b": "पशु",
  "c-c": "गा",
  "c-b": "म्है",
  "c-cow": "गाय",
  "c-buffalo": "म्हैस",
  "c-fat": "फॅट",
  "c-snf": "एस.एन.एफ",
  "c-deg": "डिग्री",
  "c-rate": "दर",
  "c-amt": "रक्कम ",
  "c-liters": "लीटर",
  "c-billno": "बिल नं.",
  "c-qty": "नग",
  "c-prod": "उत्पादन",
  "c-total": "एकूण ",
  "c-avg-rate": "सरासरी दर",
  "c-avg-fat": "सरासरी फॅट",
  "c-avg-snf": "सरासरी एस.एन.एफ",
  "c-t-liters": "एकूण लीटर",
  "c-t-deduct": "एकूण कपात",
  "c-last-dedu": "मागील कपात",
  "c-remaining-dedu": "शिल्लक बाकी देणे",
  "c-t-amt": "एकूण रक्कम ",
  "c-net-pay": "देयक रक्कम",
  "c-pay-amt": "पगार रक्कम ",
  "c-pay-details": "पगार माहिती",
  "c-mlik-summary": "दूध संकलन समरी ",
  "c-coll-report": "संकलन माहिती",
  "c-sales-details": "खाद्य खरेदी माहिती",
  "c-mrg-coll": "सकाळ दूध संकलन",
  "c-eve-coll": "सायंकाळ दूध संकलन"
}
