{
  "pp-title": "उत्पादक माहिती",
  "p-code": "कोड",
  "p-name": "नाव",
  "p-backname": "बँकेचे नाव",
  "p-bank-acno": "खाते क्रमांक",
  "p-bank-ifsc": "आई.एफ.एस.सी क्रमांक ",
  "p-farmer-id": "शेतकरी क्रमांक",
  "p-mobile": "मोबाइल क्रमांक",
  "p-adhhar-no": "आधार क्रमांक",

  "nv-dash": "माहिती पत्रक",
  "nv-milk-coll": "दूध संकलन",
  "nv-pay": "पगार",
  "nv-cattel-feed": "पशु खाद्य",
  "nv-deduction": "कपाती",
  "nv-animal": "जनावरे",
  "nv-profile": "उत्पादक माहिती",
  "description": "ही एक बहुभाषी React अ‍ॅप्लिकेशन आहे.",

  "d-sun-info": "चालू मास्टरची माहिती ",

  "mc-title": "दूध संकलन  माहिती ",

  "pay-title": "पगार  माहिती "
}
