{
  "nv-dash": "Dashboard",
  "nv-milk-coll": "Milk Collection",
  "nv-pay": "Payment",
  "nv-cattel-feed": "Cattel feeds",
  "nv-deduction": "Deduction",
  "nv-animal": "Animal",
  "nv-profile": "Profile",

  "c-page-title-milk": "Milk Collection",
  "c-page-title-pay": "Payment Information",
  "c-page-title-feeds": "Cattel Feeds",
  "c-page-title-deduct": "Deduction Information",
  "c-page-title-animal": "Animal Information",
  "c-page-title-cust": "Customer Details",
  "c-page-title-dash": "Dashboard",

  "c-select-master": "Select Payment Period",
  "c-no-data-avai": "No Data Available",

  "c-date": "Date",
  "c-m/e": "M/E",
  "c-m": "M",
  "c-e": "E",
  "c-mrg": "Morning",
  "c-eve": "Evening",
  "c-c/b": "C/B",
  "c-c": "C",
  "c-b": "B",
  "c-cow": "Cow",
  "c-buffalo": "Buffalo",
  "c-fat": "FAT",
  "c-snf": "SNF",
  "c-deg": "Degree",
  "c-rate": "Rate",
  "c-amt": "Amount",
  "c-liters": "Liters",
  "c-billno": "Bill No.",
  "c-qty": "Qty",
  "c-prod": "Product",
  "c-total": "Total",
  "c-t-liters": "Total Liters",
  "c-avg-rate": "Avg Rate",
  "c-avg-fat": "Avg fat",
  "c-avg-snf": "Avg snf",
  "c-t-deduct": "Total Deduction",
  "c-last-dedu": "Last Deduction",
  "c-remaining-dedu": "Remaining Deduction Amount",
  "c-t-amt": "Total Amount",
  "c-net-pay": "Net Payment",
  "c-pay-amt": "Payment Amount",
  "c-pay-details": "Payment Details",
  "c-mlik-summary": "Milk Summary",
  "c-coll-report": "Collection Report",
  "c-sales-details": "Purchase Details",
  "c-mrg-coll": "Morning Milk Collection",
  "c-eve-coll": "Evening Milk Collection"
}
